# Use the front controller as index file. It serves as a fallback solution when
# every other rewrite/redirect fails (e.g. in an aliased environment without
# mod_rewrite). Additionally, this reduces the matching process for the
# start page (path "/") because otherwise Apache will apply the rewriting rules
# to each configured DirectoryIndex file (e.g. index.php, index.html, index.pl).
DirectoryIndex index.php

# By default, Apache does not evaluate symbolic links if you did not enable this
# feature in your server configuration. Uncomment the following line if you
# install assets as symlinks or if you experience problems related to symlinks
# when compiling LESS/Sass/CoffeScript assets.
# Options +FollowSymlinks

# Disabling MultiViews prevents unwanted negotiation, e.g. "/index" should not resolve
# to the front controller "/index.php" but be rewritten to "/index.php/index".
<IfModule mod_negotiation.c>
    Options -MultiViews
</IfModule>

<IfModule mod_rewrite.c>
    # This Option needs to be enabled for RewriteRule, otherwise it will show an error like
    # 'Options FollowSymLinks or SymLinksIfOwnerMatch is off which implies that RewriteRule directive is forbidden'
    Options +FollowSymlinks

    RewriteEngine On

    # Determine the RewriteBase automatically and set it as environment variable.
    # If you are using Apache aliases to do mass virtual hosting or installed the
    # project in a subdirectory, the base path will be prepended to allow proper
    # resolution of the index.php file and to redirect to the correct URI. It will
    # work in environments without path prefix as well, providing a safe, one-size
    # fits all solution. But as you do not need it in this case, you can comment
    # the following 2 lines to eliminate the overhead.
    RewriteCond %{REQUEST_URI}::$0 ^(/.+)/(.*)::\2$
    RewriteRule .* - [E=BASE:%1]

    # Sets the HTTP_AUTHORIZATION header removed by Apache
    RewriteCond %{HTTP:Authorization} .+
    RewriteRule ^ - [E=HTTP_AUTHORIZATION:%0]

    # Redirect to URI without front controller to prevent duplicate content
    # (with and without `/index.php`). Only do this redirect on the initial
    # rewrite by Apache and not on subsequent cycles. Otherwise we would get an
    # endless redirect loop (request -> rewrite to front controller ->
    # redirect -> request -> ...).
    # So in case you get a "too many redirects" error or you always get redirected
    # to the start page because your Apache does not expose the REDIRECT_STATUS
    # environment variable, you have 2 choices:
    # - disable this feature by commenting the following 2 lines or
    # - use Apache >= 2.3.9 and replace all L flags by END flags and remove the
    #   following RewriteCond (best solution)
    RewriteCond %{ENV:REDIRECT_STATUS} =""
    RewriteRule ^index\.php(?:/(.*)|$) %{ENV:BASE}/$1 [R=301,L]

    # If the requested filename exists, simply serve it.
    # We only want to let Apache serve files and not directories.
    # Rewrite all other queries to the front controller.
    RewriteCond %{REQUEST_FILENAME} !-f
    RewriteRule ^ %{ENV:BASE}/index.php [L]
   
</IfModule>

<IfModule !mod_rewrite.c>
    <IfModule mod_alias.c>
        # When mod_rewrite is not available, we instruct a temporary redirect of
        # the start page to the front controller explicitly so that the website
        # and the generated links can still be used.
        RedirectMatch 307 ^/$ /index.php/
        # RedirectTemp cannot be used instead
        # RedirectPermanent directive corrected
        RedirectMatch 301 "/Categories/Nos Produits Bio/Boissons/" https://rouenbiomonde.fr/nos-produits-bio/boissons/
        RedirectMatch 301 "https://rouenbiomonde.fr/Categories/Nos%20Produits%20Bio/Fruits%20et%20legumes/" https://rouenbiomonde.fr/nos-produits-bio/fruits-legumes
        RedirectMatch 301 "https://rouenbiomonde.fr/Categories/Nos%20Produits%20Bio/Epicerie/" https://rouenbiomonde.fr/nos-produits-bio/epiceries
        RedirectMatch 301 "https://rouenbiomonde.fr/Categories/Nos%20Produits%20Bio/Produits%20frais/" https://rouenbiomonde.fr/nos-produits-bio/produits-frais
        RedirectMatch 301 "https://rouenbiomonde.fr/Categories/Nos%20Produits%20Bio/Pains/" https://rouenbiomonde.fr/nos-produits-bio/pains
        RedirectMatch 301 "https://rouenbiomonde.fr/Categories/Nos%20Produits%20Bio/Complements%20alimentaires/" https://rouenbiomonde.fr/nos-produits-bio/complements-alimentaires
        RedirectMatch 301 "https://rouenbiomonde.fr/Categories/Nos%20Produits%20Bio/Cosmetiques/" https://rouenbiomonde.fr/nos-produits-bio/cosmetiques
        RedirectMatch 301 "https://rouenbiomonde.fr/Categories/Ethique%20et%20mode%20de%20vie/Le%20Vrac/" https://rouenbiomonde.fr/ethique-et-mode-de-vie/le-vrac
        RedirectMatch 301 "https://rouenbiomonde.fr/Categories/Ethique%20et%20mode%20de%20vie/Produits%20locaux/" https://rouenbiomonde.fr/ethique-et-mode-de-vie/produits-locaux
        RedirectMatch 301 "https://rouenbiomonde.fr/Categories/Ethique%20et%20mode%20de%20vie/Le%20Vegan/" https://rouenbiomonde.fr/ethique-et-mode-de-vie/le-vegan
        RedirectMatch 301 "https://rouenbiomonde.fr/Categories/Ethique%20et%20mode%20de%20vie/Sans%20gluten/" https://rouenbiomonde.fr/ethique-et-mode-de-vie/sans-gluten
        RedirectMatch 301 "https://rouenbiomonde.fr/Categories/%c3%80%20propos/Des%20prix%20au%20plus%20juste/" https://rouenbiomonde.fr/Bonnes-Affaires/Des-Prix-Au-Plus-Juste
        RedirectMatch 301 "https://rouenbiomonde.fr/Categories/Ethique%20et%20mode%20de%20vie/Producteurs%20locaux/" https://rouenbiomonde.fr/ethique-et-mode-de-vie/producteurs-locaux
        RedirectMatch 301 "https://rouenbiomonde.fr/Categories/%c3%80%20propos/Conseils%20personalis%c3%a9s/" https://rouenbiomonde.fr/a-propos/conseils-personalises
        RedirectMatch 301 "https://rouenbiomonde.fr/Categories/Click%20and%20Collect/" https://rouenbiomonde.fr/click/and/collect
    </IfModule>
</IfModule>
